customer_id,gender,senior_flag,partner_flag,dependent_flag,signup_date,customer_segment
0002-ORFBO,Female,0,1,1,2025-06-03,SMB
0003-MKNFE,Male,0,0,0,2025-06-03,SMB
0004-TLHLJ,Male,0,0,0,2025-11-03,SMB
0011-IGKFF,Male,1,1,0,2025-02-03,Mid-Market
0013-EXCHZ,Female,1,1,0,2025-12-03,SMB
0013-MHZWF,Female,0,0,1,2025-06-03,SMB
0013-SMEOE,Female,1,1,0,2020-04-03,Enterprise
0014-BMAQU,Male,0,1,0,2020-12-03,Enterprise
0015-UOCOJ,Female,1,0,0,2025-08-03,SMB
0016-QLJIS,Female,0,1,1,2020-10-03,Enterprise
0017-DINOC,Male,0,0,0,2021-09-03,Enterprise
0017-IUDMW,Female,0,1,1,2020-03-03,Enterprise
0018-NYROU,Female,0,1,0,2025-10-03,SMB
0019-EFAEP,Female,0,0,0,2020-03-03,Enterprise
0019-GFNTW,Female,0,0,0,2021-07-03,Enterprise
0020-INWCK,Female,0,1,1,2020-04-03,Enterprise
0020-JDNXP,Female,0,1,1,2023-05-03,Enterprise
0021-IKXGC,Female,1,0,0,2026-02-03,SMB
0022-TCJCI,Male,1,0,0,2022-06-03,Enterprise
0023-HGHWL,Male,1,0,0,2026-02-03,SMB
0023-UYUPN,Female,1,1,0,2022-01-03,Enterprise
0023-XUOPT,Female,0,1,0,2025-02-03,Mid-Market
0027-KWYKW,Female,0,1,1,2024-04-03,Mid-Market
0030-FNXPP,Female,0,0,0,2025-12-03,SMB
0031-PVLZI,Female,0,1,1,2025-11-03,SMB
0032-PGELS,Female,0,1,1,2026-02-03,SMB
0036-IHMOT,Female,0,1,1,2021-08-03,Enterprise
0040-HALCW,Male,0,1,1,2021-09-03,Enterprise
0042-JVWOJ,Male,0,0,0,2024-01-03,Enterprise
0042-RLHYP,Female,0,1,1,2020-06-03,Enterprise
0048-LUMLS,Male,0,1,1,2023-02-03,Enterprise
0048-PIHNL,Female,0,1,0,2022-02-03,Enterprise
0052-DCKON,Male,0,1,0,2020-09-03,Enterprise
0052-YNYOT,Female,0,0,0,2020-08-03,Enterprise
0056-EPFBG,Male,0,1,1,2024-07-03,Mid-Market
0057-QBUQH,Female,0,0,1,2022-08-03,Enterprise
0058-EVZWM,Female,0,1,0,2021-08-03,Enterprise
0060-FUALY,Female,0,1,0,2021-04-03,Enterprise
0064-SUDOG,Female,0,1,1,2025-03-03,Mid-Market
0064-YIJGF,Male,0,1,1,2023-12-03,Enterprise
0067-DKWBL,Male,1,0,0,2026-01-03,SMB
0068-FIGTF,Female,0,0,0,2023-12-03,Enterprise
0071-NDAFP,Male,0,1,1,2024-02-03,Enterprise
0074-HDKDG,Male,0,1,1,2024-02-03,Enterprise
0076-LVEPS,Male,0,0,1,2023-10-03,Enterprise
0078-XZMHT,Male,0,1,0,2020-03-03,Enterprise
0080-EMYVY,Female,0,0,0,2025-01-03,Mid-Market
0080-OROZO,Female,0,0,0,2023-04-03,Enterprise
0082-LDZUE,Male,0,0,0,2026-02-03,SMB
0082-OQIQY,Male,0,0,0,2023-10-03,Enterprise
0083-PIVIK,Male,0,0,0,2020-11-03,Enterprise
0089-IIQKO,Female,0,1,1,2022-12-03,Enterprise
0093-EXYQL,Female,1,0,0,2022-11-03,Enterprise
0093-XWZFY,Male,0,0,0,2022-11-03,Enterprise
0094-OIFMO,Female,1,0,0,2025-04-03,SMB
0096-BXERS,Female,0,1,0,2025-09-03,SMB
0096-FCPUF,Male,0,0,0,2023-09-03,Enterprise
0098-BOWSO,Male,0,0,0,2023-12-03,Enterprise
0100-DUVFC,Male,1,1,0,2020-05-03,Enterprise
0103-CSITQ,Female,0,1,0,2021-06-03,Enterprise
0104-PPXDV,Male,0,1,0,2021-05-03,Enterprise
0106-GHRQR,Male,0,0,0,2024-11-03,Mid-Market
0106-UGRDO,Female,0,1,0,2020-06-03,Enterprise
0107-WESLM,Male,0,0,0,2026-02-03,SMB
0107-YHINA,Male,0,0,1,2026-02-03,SMB
0111-KLBQG,Male,1,1,1,2023-07-03,Enterprise
0112-QAWRZ,Male,0,1,1,2024-11-03,Mid-Market
0112-QWPNC,Male,0,1,0,2022-02-03,Enterprise
0114-IGABW,Female,0,1,0,2020-04-03,Enterprise
0114-PEGZZ,Female,0,0,0,2023-06-03,Enterprise
0114-RSRRW,Female,0,1,0,2025-05-03,SMB
0115-TFERT,Male,0,1,0,2024-06-03,Mid-Market
0117-LFRMW,Male,0,1,1,2023-02-03,Enterprise
0118-JPNOY,Female,1,0,0,2024-01-03,Enterprise
0121-SNYRK,Male,0,0,0,2022-01-03,Enterprise
0122-OAHPZ,Female,0,0,0,2025-08-03,SMB
0123-CRBRT,Female,0,1,1,2021-02-03,Enterprise
0125-LZQXK,Male,0,0,0,2024-12-03,Mid-Market
0128-MKWSG,Female,0,0,1,2024-01-03,Enterprise
0129-KPTWJ,Male,0,1,0,2020-03-03,Enterprise
0129-QMPDR,Male,0,1,1,2022-07-03,Enterprise
0130-SXOUN,Male,0,0,0,2020-09-03,Enterprise
0133-BMFZO,Female,0,0,0,2026-01-03,SMB
0134-XWXCE,Female,1,0,0,2022-07-03,Enterprise
0135-NMXAP,Female,0,0,0,2025-03-03,Mid-Market
0136-IFMYD,Male,1,1,0,2020-06-03,Enterprise
0137-OCGAB,Female,0,0,0,2026-02-03,SMB
0137-UDEUO,Female,0,0,0,2025-12-03,SMB
0139-IVFJG,Female,0,1,0,2026-01-03,SMB
0141-YEAYS,Female,1,0,0,2023-12-03,Enterprise
0142-GVYSN,Male,0,0,0,2024-01-03,Enterprise
0147-ESWWR,Female,1,1,0,2022-12-03,Enterprise
0148-DCDOS,Male,0,0,0,2024-02-03,Enterprise
0151-ONTOV,Female,0,0,0,2026-02-03,SMB
0156-FVPTA,Male,0,1,0,2024-05-03,Mid-Market
0164-APGRB,Female,0,0,0,2020-03-03,Enterprise
0164-XAIRP,Female,0,0,0,2024-03-03,Mid-Market
0168-XZKBB,Female,0,1,0,2024-08-03,Mid-Market
0174-QRVVY,Male,0,1,1,2020-04-03,Enterprise
0177-PXBAT,Male,1,1,0,2023-06-03,Enterprise
0178-CIIKR,Female,0,0,0,2025-12-03,SMB
0178-SZBHO,Male,0,1,1,2022-04-03,Enterprise
0181-RITDD,Male,0,1,1,2021-01-03,Enterprise
0186-CAERR,Male,0,0,0,2020-04-03,Enterprise
0187-QSXOE,Male,1,1,0,2025-08-03,SMB
0187-WZNAB,Female,0,1,1,2023-12-03,Enterprise
0188-GWFLE,Male,0,0,0,2026-01-03,SMB
0191-EQUUH,Female,0,0,1,2024-02-03,Enterprise
0191-ZHSKZ,Male,1,0,0,2023-09-03,Enterprise
0193-ESZXP,Female,1,1,0,2021-05-03,Enterprise
0195-IESCP,Male,0,1,0,2025-05-03,SMB
0196-JTUQI,Female,0,0,0,2025-06-03,SMB
0196-VULGZ,Female,1,1,0,2025-09-03,SMB
0197-PNKNK,Female,0,1,1,2020-06-03,Enterprise
0201-MIBOL,Female,1,0,0,2020-09-03,Enterprise
0201-OAMXR,Female,0,0,0,2020-05-03,Enterprise
0203-HHYIJ,Male,0,0,0,2024-02-03,Enterprise
0206-OYVOC,Female,0,1,1,2022-05-03,Enterprise
0206-TBWLC,Female,0,1,0,2021-09-03,Enterprise
0207-MDKNV,Female,0,0,0,2024-12-03,Mid-Market
0208-BPQEJ,Female,0,1,1,2025-03-03,Mid-Market
0212-ISBBF,Female,0,0,0,2024-05-03,Mid-Market
0214-JHPFW,Female,0,1,0,2020-05-03,Enterprise
0215-BQKGS,Male,0,0,0,2023-09-03,Enterprise
0218-QNVAS,Male,0,1,1,2020-04-03,Enterprise
0219-QAERP,Male,0,1,0,2023-09-03,Enterprise
0219-YTZUE,Male,0,1,1,2025-11-03,SMB
0220-EBGCE,Male,0,0,0,2026-01-03,SMB
0221-NAUXK,Male,0,0,1,2025-05-03,SMB
0221-WMXNQ,Male,1,0,0,2025-11-03,SMB
0222-CNVPT,Male,1,0,0,2021-11-03,Enterprise
0224-HJAPT,Male,0,0,0,2025-10-03,SMB
0224-NIJLP,Male,0,1,1,2025-07-03,SMB
0224-RLWWD,Female,1,0,0,2026-01-03,SMB
0225-ZORZP,Male,0,0,0,2025-12-03,SMB
0228-MAUWC,Male,0,0,0,2024-08-03,Mid-Market
0229-LFJAF,Male,0,0,0,2020-03-03,Enterprise
0230-UBYPQ,Male,1,1,0,2020-12-03,Enterprise
0230-WEQUW,Male,0,1,0,2020-09-03,Enterprise
0231-LXVAP,Male,0,0,0,2026-02-03,SMB
0233-FTHAV,Female,0,0,0,2021-03-03,Enterprise
0234-TEVTT,Female,0,1,1,2022-03-03,Enterprise
0235-KGSLC,Female,0,0,0,2026-02-03,SMB
0236-HFWSV,Male,0,0,0,2024-12-03,Mid-Market
0237-YFUTL,Female,0,1,0,2022-01-03,Enterprise
0238-WHBIQ,Male,0,1,1,2020-03-03,Enterprise
0239-OXEXL,Female,0,0,0,2022-05-03,Enterprise
0244-LGNFY,Female,0,1,1,2020-03-03,Enterprise
0247-SLUJI,Male,0,1,1,2026-02-03,SMB
0248-IPDFW,Female,0,0,0,2026-02-03,SMB
0248-PGHBZ,Female,1,0,0,2020-08-03,Enterprise
0253-ZTEOB,Female,0,1,1,2022-03-03,Enterprise
0254-FNMCI,Female,0,0,0,2020-03-03,Enterprise
0254-KCJGT,Male,0,1,0,2021-11-03,Enterprise
0254-WWRKD,Female,0,1,1,2020-08-03,Enterprise
0256-LTHVJ,Female,0,1,1,2023-11-03,Enterprise
0257-KXZGU,Female,0,1,1,2023-07-03,Enterprise
0257-ZESQC,Female,1,1,0,2023-12-03,Enterprise
0258-NOKBL,Male,0,0,0,2025-12-03,SMB
0259-GBZSH,Male,0,0,0,2026-01-03,SMB
0260-ZDLGK,Female,0,0,1,2025-06-03,SMB
0263-FJTQO,Male,0,1,1,2022-01-03,Enterprise
0264-CNITK,Female,0,1,1,2020-04-03,Enterprise
0265-EDXBD,Male,1,1,0,2023-07-03,Enterprise
0265-PSUAE,Female,0,1,1,2024-11-03,Mid-Market
0266-CLZKZ,Female,0,1,1,2020-08-03,Enterprise
0266-GMEAO,Male,0,1,1,2020-03-03,Enterprise
0268-QKIWO,Female,0,0,0,2025-12-03,SMB
0269-XFESX,Male,0,1,1,2024-04-03,Mid-Market
0270-THENM,Male,0,1,1,2020-03-03,Enterprise
0274-JKUJR,Male,0,1,1,2025-08-03,SMB
0277-BKSQP,Male,0,1,1,2025-07-03,SMB
0277-ORXQS,Male,0,1,1,2020-09-03,Enterprise
0278-YXOOG,Male,0,0,0,2025-10-03,SMB
0280-XJGEX,Male,0,0,0,2022-02-03,Enterprise
0281-CNTZX,Male,0,1,0,2020-12-03,Enterprise
0282-NVSJS,Female,1,1,1,2025-03-03,Mid-Market
0285-INHLN,Male,0,1,1,2023-12-03,Enterprise
0289-IVARM,Female,0,0,0,2023-04-03,Enterprise
0292-WEGCH,Female,0,1,1,2021-09-03,Enterprise
0295-PPHDO,Male,0,0,0,2026-02-03,SMB
0295-QVKPB,Male,0,0,0,2025-10-03,SMB
0297-RBCSG,Male,0,0,0,2024-08-03,Mid-Market
0298-XACET,Male,0,1,1,2021-11-03,Enterprise
0301-FIDRB,Female,0,1,1,2020-03-03,Enterprise
0301-KOBTQ,Male,0,0,0,2023-07-03,Enterprise
0302-JOIVN,Female,0,1,0,2025-07-03,SMB
0303-UNCIP,Male,0,0,0,2022-10-03,Enterprise
0303-WMMRN,Male,0,0,0,2025-10-03,SMB
0305-SQECB,Female,0,0,1,2025-04-03,SMB
0306-JAELE,Male,0,0,0,2025-10-03,SMB
0307-BCOPK,Female,0,0,0,2024-11-03,Mid-Market
0308-GIQJT,Male,1,0,0,2020-04-03,Enterprise
0308-IVGOK,Female,0,0,0,2025-04-03,SMB
0310-MVLET,Female,0,1,1,2021-02-03,Enterprise
0310-SUCIN,Female,0,1,0,2020-04-03,Enterprise
0310-VQXAM,Male,0,0,0,2025-06-03,SMB
0311-QYWSS,Female,0,0,0,2025-09-03,SMB
0311-UNPFF,Female,0,0,0,2024-01-03,Enterprise
0314-TKOSI,Female,0,0,0,2025-09-03,SMB
0315-LVCRK,Male,0,0,0,2025-04-03,SMB
0318-QUUOB,Male,0,1,0,2026-02-03,SMB
0318-ZOPWS,Female,0,1,0,2022-02-03,Enterprise
0319-QZTCO,Female,0,1,1,2025-12-03,SMB
0320-DWVTU,Female,0,0,0,2021-10-03,Enterprise
0320-JDNQG,Male,0,1,1,2024-04-03,Mid-Market
0322-CHQRU,Male,0,0,0,2026-01-03,SMB
0322-YINQP,Male,0,0,0,2026-02-03,SMB
0323-XWWTN,Male,0,0,1,2025-12-03,SMB
0324-BRPCJ,Female,1,1,0,2020-07-03,Enterprise
0325-XBFAC,Male,0,0,0,2025-07-03,SMB
0326-VDYXE,Female,0,1,0,2020-05-03,Enterprise
0327-WFZSY,Male,0,1,1,2022-12-03,Enterprise
0328-GRPMV,Female,0,0,0,2026-02-03,SMB
0329-GTIAJ,Female,0,0,0,2025-12-03,SMB
0330-BGYZE,Male,0,1,0,2021-03-03,Enterprise
0330-IVZHA,Female,0,1,0,2025-10-03,SMB
0334-GDDSO,Male,1,0,0,2025-12-03,SMB
0334-ZFJSR,Female,0,1,0,2021-08-03,Enterprise
0336-KXKFK,Male,0,0,0,2020-03-03,Enterprise
0336-PIKEI,Male,1,1,0,2020-03-03,Enterprise
0337-CNPZE,Female,0,0,0,2022-10-03,Enterprise
0343-QLUZP,Male,0,0,0,2021-03-03,Enterprise
0345-HKJVM,Female,0,0,0,2025-09-03,SMB
0345-XMMUG,Female,0,1,0,2022-05-03,Enterprise
0347-UBKUZ,Female,0,0,0,2024-12-03,Mid-Market
0348-SDKOL,Female,0,1,0,2021-05-03,Enterprise
0354-VXMJC,Male,0,1,1,2024-04-03,Mid-Market
0354-WYROK,Female,1,1,1,2023-08-03,Enterprise
0356-ERHVT,Male,0,1,0,2025-04-03,SMB
0356-OBMAC,Female,1,0,0,2021-07-03,Enterprise
0357-NVCRI,Female,0,0,1,2024-02-03,Enterprise
0361-HJRDX,Female,0,0,0,2020-07-03,Enterprise
0362-RAOQO,Female,0,0,0,2022-11-03,Enterprise
0362-ZBZWJ,Male,0,0,0,2023-03-03,Enterprise
0363-QJVFX,Male,0,0,0,2023-07-03,Enterprise
0363-SVHYR,Male,0,1,1,2020-04-03,Enterprise
0365-BZUWY,Male,0,1,0,2024-10-03,Mid-Market
0365-GXEZS,Male,0,1,0,2024-09-03,Mid-Market
0365-TRTPY,Female,0,0,0,2023-02-03,Enterprise
0366-NQSHS,Male,0,0,0,2026-01-03,SMB
0369-ZGOVK,Female,0,1,1,2023-11-03,Enterprise
0373-AIVNJ,Male,0,0,0,2025-06-03,SMB
0374-AACSZ,Female,0,0,0,2026-02-03,SMB
0374-FIUCA,Male,0,1,0,2020-10-03,Enterprise
0374-IOEGQ,Female,0,0,0,2025-12-03,SMB
0375-HVGXO,Female,0,0,0,2026-02-03,SMB
0376-OIWME,Male,0,1,0,2023-03-03,Enterprise
0376-YMCJC,Male,0,0,0,2024-04-03,Mid-Market
0377-JBKKT,Male,0,1,1,2024-05-03,Mid-Market
0378-CJKPV,Female,0,1,0,2020-03-03,Enterprise
0378-NHQXU,Female,0,1,1,2024-10-03,Mid-Market
0378-TOVMS,Female,0,0,0,2025-12-03,SMB
0378-XSZPU,Male,0,1,0,2021-05-03,Enterprise
0379-DJQHR,Male,0,1,1,2020-08-03,Enterprise
0380-NEAVX,Male,1,0,0,2023-05-03,Enterprise
0380-ZCSBI,Male,0,0,0,2025-05-03,SMB
0383-CLDDA,Female,0,0,0,2020-06-03,Enterprise
0384-LPITE,Male,0,0,0,2022-11-03,Enterprise
0384-RVBPI,Male,0,0,0,2024-07-03,Mid-Market
0386-CWRGM,Female,0,1,1,2022-05-03,Enterprise
0388-EOPEX,Female,0,1,0,2026-01-03,SMB
0390-DCFDQ,Female,1,1,0,2026-02-03,SMB
0392-BZIUW,Female,0,1,0,2020-03-03,Enterprise
0394-YONDK,Male,0,1,1,2020-05-03,Enterprise
0396-HUJBP,Female,0,0,0,2026-01-03,SMB
0396-UKGAI,Male,0,0,1,2024-04-03,Mid-Market
0396-YCHWO,Male,0,1,0,2023-03-03,Enterprise
0397-GZBBC,Male,1,1,0,2021-04-03,Enterprise
0397-ZXWQF,Male,0,0,0,2020-08-03,Enterprise
0401-WDBXM,Male,0,1,1,2020-03-03,Enterprise
0402-CQAJN,Female,0,0,0,2023-02-03,Enterprise
0402-OAMEN,Female,0,1,1,2020-03-03,Enterprise
0404-AHASP,Male,0,1,0,2020-03-03,Enterprise
0404-SWRVG,Male,0,0,0,2025-12-03,SMB
0406-BPDVR,Female,1,1,0,2021-09-03,Enterprise
0407-BDJKB,Male,0,1,0,2021-03-03,Enterprise
0409-WTMPL,Female,0,1,0,2021-05-03,Enterprise
0410-IPFTY,Female,0,1,0,2023-08-03,Enterprise
0411-EZJZE,Female,0,0,0,2025-12-03,SMB
0412-UCCNP,Male,0,0,0,2021-08-03,Enterprise
0415-MOSGF,Female,0,0,0,2026-02-03,SMB
0419-YAAPX,Male,0,1,0,2022-02-03,Enterprise
0420-BWTPW,Male,0,0,1,2025-07-03,SMB
0420-HLGXF,Female,1,0,0,2022-12-03,Enterprise
0420-TXVSG,Male,0,1,0,2020-09-03,Enterprise
0422-OHQHQ,Female,0,1,1,2024-12-03,Mid-Market
0422-UXFAP,Female,0,1,0,2021-12-03,Enterprise
0423-UDIJQ,Male,1,0,0,2025-06-03,SMB
0426-TIRNE,Female,0,0,0,2026-02-03,SMB
0428-AXXLJ,Male,0,0,0,2024-02-03,Enterprise
0428-IKYCP,Male,0,1,0,2024-05-03,Mid-Market
0430-IHCDJ,Male,0,0,0,2024-12-03,Mid-Market
0431-APWVY,Female,0,1,1,2023-11-03,Enterprise
0432-CAJZV,Male,0,0,0,2025-12-03,SMB
0434-CSFON,Female,0,1,0,2022-04-03,Enterprise
0436-TWFFZ,Female,0,0,0,2020-08-03,Enterprise
0439-IFYUN,Female,1,0,0,2024-09-03,Mid-Market
0440-EKDCF,Male,0,1,0,2021-01-03,Enterprise
0440-MOGPM,Female,0,0,0,2022-10-03,Enterprise
0440-QEXBZ,Female,0,0,0,2022-07-03,Enterprise
0440-UEDAI,Female,0,0,0,2021-10-03,Enterprise
0442-TDYUO,Male,0,1,0,2022-03-03,Enterprise
0442-ZXKVS,Female,1,1,0,2021-09-03,Enterprise
0447-BEMNG,Female,0,1,0,2022-03-03,Enterprise
0447-RXSGD,Male,0,0,0,2024-03-03,Mid-Market
0454-OKRCT,Male,0,0,0,2023-06-03,Enterprise
0455-ENTCR,Male,0,1,0,2020-09-03,Enterprise
0455-XFASS,Female,0,1,1,2025-12-03,SMB
0458-HEUZG,Female,0,0,0,2025-02-03,Mid-Market
0459-SPZHJ,Male,0,1,1,2020-12-03,Enterprise
0461-CVKMU,Female,0,1,1,2024-04-03,Mid-Market
0463-TXOAK,Male,0,0,1,2021-11-03,Enterprise
0463-WZZKO,Male,0,0,0,2025-12-03,SMB
0463-ZSDNT,Male,0,0,0,2025-05-03,SMB
0464-WJTKO,Female,0,1,1,2020-03-03,Enterprise
0468-YRPXN,Male,0,0,0,2023-10-03,Enterprise
0471-ARVMX,Female,1,1,0,2021-01-03,Enterprise
0471-LVHGK,Male,0,1,0,2022-10-03,Enterprise
0475-RIJEP,Male,0,0,0,2022-08-03,Enterprise
0479-HMSWA,Female,0,0,1,2024-01-03,Enterprise
0480-BIXDE,Female,0,1,0,2024-08-03,Mid-Market
0480-KYJVA,Female,0,1,1,2020-03-03,Enterprise
0481-SUMCB,Female,1,0,0,2022-06-03,Enterprise
0484-FFVBJ,Male,0,0,0,2023-07-03,Enterprise
0484-JPBRU,Male,0,0,0,2022-10-03,Enterprise
0485-ZBSLN,Male,0,1,1,2020-10-03,Enterprise
0486-HECZI,Male,0,1,0,2021-08-03,Enterprise
0486-LGCCH,Male,0,1,1,2025-04-03,SMB
0487-CRLZF,Female,0,0,0,2022-02-03,Enterprise
0487-RPVUM,Male,0,1,0,2021-02-03,Enterprise
0487-VVUVK,Male,0,1,1,2024-02-03,Enterprise
0488-GSLFR,Female,0,0,0,2026-02-03,SMB
0489-WMEMG,Female,0,0,1,2024-04-03,Mid-Market
0491-KAPQG,Male,0,0,0,2024-06-03,Mid-Market
0495-RVCBF,Female,0,0,0,2026-02-03,SMB
0495-ZBNGW,Male,1,1,0,2025-10-03,SMB
0496-AHOOK,Male,0,1,0,2024-03-03,Mid-Market
0504-HHAPI,Female,1,0,0,2023-12-03,Enterprise
0505-SPOOW,Female,0,1,0,2020-05-03,Enterprise
0506-LVNGN,Female,1,0,0,2025-10-03,SMB
0506-YLVKJ,Male,0,1,1,2022-05-03,Enterprise
0508-OOLTO,Female,0,1,1,2026-01-03,SMB
0508-SQWPL,Female,0,1,1,2021-06-03,Enterprise
0511-JTEOY,Female,0,0,0,2026-02-03,SMB
0512-FLFDW,Female,1,1,0,2021-03-03,Enterprise
0513-RBGPE,Male,0,1,1,2023-02-03,Enterprise
0515-YPMCW,Male,0,0,1,2026-02-03,SMB
0516-OOHAR,Male,0,1,1,2023-11-03,Enterprise
0516-QREYC,Female,1,0,0,2024-03-03,Mid-Market
0516-UXRMT,Female,0,0,0,2021-01-03,Enterprise
0516-VRYBW,Female,0,0,1,2024-09-03,Mid-Market
0516-WJVXC,Female,0,0,0,2025-10-03,SMB
0519-DRGTI,Female,0,1,1,2024-07-03,Mid-Market
0519-XUZJU,Female,0,0,0,2026-02-03,SMB
0520-FDVVT,Male,0,0,0,2023-04-03,Enterprise
0523-VNGTF,Female,1,0,0,2021-11-03,Enterprise
0524-IAVZO,Female,0,1,0,2023-09-03,Enterprise
0526-SXDJP,Male,0,1,0,2020-03-03,Enterprise
0529-ONKER,Male,1,0,0,2024-12-03,Mid-Market
0530-IJVDB,Male,0,0,1,2020-05-03,Enterprise
0531-XBKMM,Male,0,0,1,2020-09-03,Enterprise
0531-ZZJWQ,Male,1,1,0,2021-08-03,Enterprise
0533-BNWKF,Female,1,1,0,2021-08-03,Enterprise
0533-UCAAU,Male,1,1,0,2021-06-03,Enterprise
0536-ACXIP,Female,0,1,0,2020-03-03,Enterprise
0536-BGFMZ,Female,0,1,0,2023-11-03,Enterprise
0536-ESJEP,Male,0,1,0,2021-09-03,Enterprise
0537-QYZZN,Male,1,1,1,2024-03-03,Mid-Market
0541-FITGH,Female,0,1,0,2026-01-03,SMB
0547-HURJB,Male,0,0,1,2025-03-03,Mid-Market
0549-CYCQN,Male,1,0,0,2021-12-03,Enterprise
0550-DCXLH,Male,0,0,0,2025-02-03,Mid-Market
0556-FJEGU,Male,0,0,0,2021-05-03,Enterprise
0557-ASKVU,Female,0,1,1,2024-09-03,Mid-Market
0559-CKHUS,Female,0,1,0,2023-10-03,Enterprise
0562-FGDCR,Female,0,1,1,2020-03-03,Enterprise
0562-HKHML,Male,0,1,1,2020-04-03,Enterprise
0562-KBDVM,Female,0,0,0,2020-05-03,Enterprise
0564-JJHGS,Male,0,0,0,2025-06-03,SMB
0564-MUUQK,Female,0,1,1,2024-07-03,Mid-Market
0565-IYCGT,Male,0,0,0,2020-06-03,Enterprise
0565-JUPYD,Male,0,0,0,2020-12-03,Enterprise
0567-GGCAC,Female,0,0,0,2025-08-03,SMB
0567-XRHCU,Female,0,1,1,2020-06-03,Enterprise
0568-ONFPC,Male,0,1,1,2025-10-03,SMB
0570-BFQHT,Female,0,0,0,2025-06-03,SMB
0572-ZJKLT,Female,0,1,1,2022-05-03,Enterprise
0575-CUQOV,Male,1,1,0,2021-03-03,Enterprise
0576-WNXXC,Male,1,1,0,2023-12-03,Enterprise
0577-WHMEV,Female,0,1,0,2024-11-03,Mid-Market
0578-SKVMF,Female,0,1,1,2024-05-03,Mid-Market
0580-PIQHM,Female,0,1,1,2022-10-03,Enterprise
0581-BXBUB,Female,1,0,0,2025-11-03,SMB
0581-MDMPW,Female,0,0,0,2024-03-03,Mid-Market
0582-AVCLN,Female,0,0,0,2023-01-03,Enterprise
0584-BJQGZ,Female,0,0,0,2024-02-03,Enterprise
0585-EGDDA,Male,0,1,0,2022-11-03,Enterprise
0587-DMGBH,Female,0,0,0,2025-07-03,SMB
0594-UFTUL,Male,0,1,1,2025-02-03,Mid-Market
0595-ITUDF,Male,0,1,1,2020-11-03,Enterprise
0596-BQCEQ,Female,0,1,1,2021-01-03,Enterprise
0599-XNYDO,Female,0,1,0,2024-07-03,Mid-Market
0601-WZHJF,Male,0,1,0,2025-01-03,Mid-Market
0602-DDUML,Female,0,0,0,2021-06-03,Enterprise
0603-OLQDC,Male,0,0,1,2025-03-03,Mid-Market
0603-TPMIB,Female,0,1,1,2021-04-03,Enterprise
0604-THJFP,Female,0,1,1,2021-04-03,Enterprise
0607-DAAHE,Male,0,0,1,2021-10-03,Enterprise
0607-MVMGC,Male,0,1,1,2022-06-03,Enterprise
0608-JDVEC,Male,0,1,0,2022-01-03,Enterprise
0611-DFXKO,Male,0,1,0,2024-07-03,Mid-Market
0612-RTZZA,Female,1,0,0,2026-02-03,SMB
0613-WUXUM,Female,0,1,1,2020-05-03,Enterprise
0616-ATFGB,Male,1,1,0,2026-02-03,SMB
0617-AQNWT,Female,0,1,0,2020-11-03,Enterprise
0617-FHSGK,Male,0,0,1,2022-02-03,Enterprise
0618-XWMSS,Male,0,0,1,2023-11-03,Enterprise
0619-OLYUR,Male,0,1,0,2020-03-03,Enterprise
0620-DLSLK,Female,0,0,0,2025-02-03,Mid-Market
0620-XEFWH,Male,0,1,1,2025-11-03,SMB
0621-CXBKL,Female,0,0,0,2021-10-03,Enterprise
0621-HJWXJ,Female,0,1,0,2020-12-03,Enterprise
0621-JFHOL,Female,0,0,0,2025-05-03,SMB
0621-TSSMU,Male,0,1,0,2021-07-03,Enterprise
0621-TWIEM,Male,0,0,0,2025-05-03,SMB
0623-EJQEG,Male,0,0,0,2020-10-03,Enterprise
0623-GDISB,Female,0,0,0,2026-02-03,SMB
0623-IIHUG,Female,1,0,0,2024-06-03,Mid-Market
0625-AFOHS,Female,0,1,1,2023-10-03,Enterprise
0626-QXNGV,Female,0,1,0,2020-03-03,Enterprise
0628-CNQRM,Male,0,1,1,2024-05-03,Mid-Market
0634-SZPQA,Female,0,0,0,2024-04-03,Mid-Market
0635-WKOLD,Male,0,1,0,2022-11-03,Enterprise
0637-KVDLV,Male,0,0,0,2026-01-03,SMB
0637-UBJRP,Male,0,1,1,2025-02-03,Mid-Market
0637-YLETY,Female,0,0,0,2024-11-03,Mid-Market
0639-TSIQW,Female,0,0,0,2020-08-03,Enterprise
0640-YJTPY,Male,0,1,1,2020-03-03,Enterprise
0641-EVBOJ,Male,0,0,0,2025-12-03,SMB
0643-OKLRP,Female,1,1,0,2022-04-03,Enterprise
0644-OQMDK,Male,1,0,0,2025-11-03,SMB
0650-BWOZN,Female,1,0,0,2024-09-03,Mid-Market
0654-HMSHN,Male,0,1,1,2024-06-03,Mid-Market
0654-PQKDW,Female,0,1,1,2021-01-03,Enterprise
0655-RBDUG,Male,0,0,0,2025-08-03,SMB
0655-YDGFJ,Male,0,0,0,2023-10-03,Enterprise
0657-DOGUM,Female,0,1,0,2022-03-03,Enterprise
0661-KBKPA,Male,0,1,1,2021-10-03,Enterprise
0661-KQHNK,Female,0,1,1,2025-09-03,SMB
0661-WCQNQ,Male,0,1,0,2024-05-03,Mid-Market
0661-XEYAN,Female,1,0,0,2026-02-03,SMB
0665-XHDJU,Male,0,1,0,2020-03-03,Enterprise
0666-UXTJO,Male,1,1,0,2023-05-03,Enterprise
0667-NSRGI,Female,0,1,0,2022-03-03,Enterprise
0668-OGMHD,Female,0,1,0,2024-06-03,Mid-Market
0670-ANMUU,Male,0,0,0,2020-04-03,Enterprise
0670-KDOMA,Female,0,0,0,2026-02-03,SMB
0673-IGUQO,Male,0,0,0,2026-02-03,SMB
0674-DGMAQ,Male,1,1,0,2023-07-03,Enterprise
0674-EYYZV,Female,0,0,0,2026-02-03,SMB
0674-GCDXG,Male,0,0,0,2020-12-03,Enterprise
0675-NCDYU,Female,0,1,1,2020-03-03,Enterprise
0678-RLHVP,Female,0,0,0,2021-10-03,Enterprise
0679-IDSTG,Female,1,1,1,2026-02-03,SMB
0679-TDGAK,Male,0,1,1,2022-01-03,Enterprise
0680-DFNNY,Male,0,1,0,2024-12-03,Mid-Market
0682-USIXD,Female,0,1,0,2024-06-03,Mid-Market
0684-AOSIH,Male,0,1,0,2026-02-03,SMB
0685-MLYYM,Female,1,0,0,2026-01-03,SMB
0687-ZVTHB,Male,0,1,1,2020-10-03,Enterprise
0689-DSXGL,Female,0,1,1,2021-11-03,Enterprise
0689-NKYLF,Male,0,0,0,2025-02-03,Mid-Market
0690-SRQID,Male,0,0,0,2025-11-03,SMB
0691-IFBQW,Female,1,0,0,2022-05-03,Enterprise
0691-JVSYA,Female,0,1,0,2021-10-03,Enterprise
0691-NIKRI,Female,0,0,0,2022-11-03,Enterprise
0696-UKTOX,Male,0,0,1,2024-04-03,Mid-Market
0697-ZMSWS,Male,0,0,0,2025-11-03,SMB
0699-NDKJM,Female,0,1,0,2021-06-03,Enterprise
0701-RFGFI,Female,0,1,1,2022-02-03,Enterprise
0701-TJSEF,Male,0,0,0,2025-06-03,SMB
0702-PGIBZ,Male,0,0,1,2025-11-03,SMB
0704-VCUMB,Female,0,1,0,2021-02-03,Enterprise
0707-HOVVN,Female,1,0,0,2020-05-03,Enterprise
0708-LGSMF,Male,0,1,0,2025-02-03,Mid-Market
0708-SJDIS,Female,0,0,0,2023-05-03,Enterprise
0709-TVGUR,Female,1,0,0,2025-06-03,SMB
0716-BQNDX,Male,1,0,0,2021-06-03,Enterprise
0719-SYFRB,Female,0,0,0,2025-03-03,Mid-Market
0722-SVSFK,Female,0,0,0,2025-08-03,SMB
0722-TROQR,Female,1,0,0,2025-11-03,SMB
0723-DRCLG,Female,1,1,0,2026-02-03,SMB
0723-FDLAY,Male,0,0,0,2022-07-03,Enterprise
0723-VSOBE,Female,1,0,0,2022-06-03,Enterprise
0725-CXOTM,Female,0,0,0,2023-03-03,Enterprise
0727-BMPLR,Female,1,0,0,2021-08-03,Enterprise
0727-BNRLG,Male,0,0,0,2020-06-03,Enterprise
0727-IWKVK,Male,0,1,0,2025-06-03,SMB
0730-BGQGF,Male,0,1,1,2020-04-03,Enterprise
0730-KOAVE,Male,0,0,0,2023-09-03,Enterprise
0731-EBJQB,Female,0,1,1,2021-11-03,Enterprise
0732-OCQOC,Female,0,1,1,2021-11-03,Enterprise
0733-VUNUW,Male,0,0,0,2024-03-03,Mid-Market
0734-OXWBT,Male,0,0,1,2025-12-03,SMB
0739-UUAJR,Female,0,1,1,2020-03-03,Enterprise
0742-LAFQK,Male,0,1,0,2020-03-03,Enterprise
0742-MOABM,Male,0,1,0,2025-11-03,SMB
0742-NXBGR,Female,0,0,0,2026-02-03,SMB
0743-HNPFG,Female,0,1,1,2021-12-03,Enterprise
0743-HRVFF,Female,0,1,1,2021-12-03,Enterprise
0744-BIKKF,Male,0,0,0,2020-03-03,Enterprise
0744-GKNGE,Female,0,1,1,2020-11-03,Enterprise
0746-JTRFU,Male,0,0,0,2026-01-03,SMB
0748-RDGGM,Male,0,1,0,2020-05-03,Enterprise
0749-IRGQE,Female,1,1,0,2025-02-03,Mid-Market
0750-EBAIU,Male,0,0,0,2021-11-03,Enterprise
0750-EKNGL,Male,0,0,0,2025-08-03,SMB
0754-EEBDC,Male,0,1,1,2025-11-03,SMB
0754-UKWQP,Male,0,0,0,2026-01-03,SMB
0756-MPZRL,Male,0,0,0,2022-05-03,Enterprise
0757-WCUUZ,Male,0,1,1,2021-09-03,Enterprise
0761-AETCS,Female,0,0,0,2026-02-03,SMB
0769-MURVM,Female,0,1,1,2020-03-03,Enterprise
0771-CHWSK,Male,0,0,0,2020-09-03,Enterprise
0771-WLCLA,Female,0,1,1,2024-11-03,Mid-Market
0772-GYEQQ,Male,0,0,0,2025-12-03,SMB
0774-IFUVM,Male,0,1,1,2025-04-03,SMB
0774-RMNUW,Female,0,1,1,2020-04-03,Enterprise
0778-NELLA,Male,0,0,0,2025-06-03,SMB
0780-XNZFN,Male,0,0,0,2021-06-03,Enterprise
0781-LKXBR,Male,1,0,0,2025-06-03,SMB
0784-GTUUK,Male,0,1,0,2021-01-03,Enterprise
0784-ZQJZX,Male,0,0,1,2020-03-03,Enterprise
0786-IVLAW,Female,1,0,0,2020-09-03,Enterprise
0786-VSSUD,Male,1,0,0,2024-11-03,Mid-Market
0787-LHDYT,Male,0,0,0,2024-11-03,Mid-Market
0788-DXBFY,Male,0,1,1,2021-05-03,Enterprise
0793-TWELN,Female,0,0,0,2025-11-03,SMB
0794-YVSGE,Male,0,1,1,2020-03-03,Enterprise
0795-GMVQO,Male,0,1,0,2020-08-03,Enterprise
0795-LAFGP,Male,0,1,1,2020-04-03,Enterprise
0795-XCCTE,Male,1,0,0,2020-03-03,Enterprise
0799-DDIHE,Female,0,1,1,2024-12-03,Mid-Market
0804-XBFBV,Female,0,0,1,2025-04-03,SMB
0804-YGEQV,Female,0,1,1,2022-08-03,Enterprise
0807-ZABDG,Female,0,0,1,2025-12-03,SMB
0810-BDHAW,Female,0,1,1,2024-03-03,Mid-Market
0810-DHDBD,Female,0,0,0,2021-11-03,Enterprise
0811-GSDTP,Female,0,0,1,2025-02-03,Mid-Market
0812-WUPTB,Male,1,1,0,2026-02-03,SMB
0813-TAXXS,Male,0,0,0,2021-08-03,Enterprise
0815-MFZGM,Female,0,1,0,2022-09-03,Enterprise
0816-TSPHQ,Male,0,0,0,2026-01-03,SMB
0817-HSUSE,Male,0,0,0,2026-02-03,SMB
0818-OCPZO,Male,1,0,0,2023-12-03,Enterprise
0820-FNRNX,Male,0,1,1,2024-10-03,Mid-Market
0822-GAVAP,Female,0,0,0,2026-01-03,SMB
0822-QGCXA,Female,1,1,0,2023-12-03,Enterprise
0823-HSCDJ,Male,1,0,0,2021-11-03,Enterprise
0824-VWDPO,Female,0,0,0,2022-06-03,Enterprise
0825-CPPQH,Female,0,1,0,2020-04-03,Enterprise
0827-ITJPH,Male,0,0,0,2023-03-03,Enterprise
0829-DDVLK,Female,0,0,0,2024-12-03,Mid-Market
0829-XXPLX,Female,0,0,0,2024-07-03,Mid-Market
0831-JNISG,Male,0,1,1,2020-04-03,Enterprise
0835-DUUIQ,Female,0,0,1,2024-03-03,Mid-Market
0835-JKADZ,Female,0,0,0,2020-04-03,Enterprise
0836-SEYLU,Male,0,1,0,2025-06-03,SMB
0839-JTCUD,Female,0,1,1,2020-09-03,Enterprise
0839-QNXME,Female,0,0,0,2023-09-03,Enterprise
0840-DCNZE,Male,0,0,0,2022-04-03,Enterprise
0840-DFEZH,Female,0,0,0,2025-08-03,SMB
0841-NULXI,Male,0,0,0,2026-02-03,SMB
0842-IWYCP,Female,0,0,0,2022-05-03,Enterprise
0843-WTBXE,Male,0,0,0,2021-10-03,Enterprise
0847-HGRML,Male,0,0,1,2021-01-03,Enterprise
0848-SOMKO,Male,0,0,0,2020-05-03,Enterprise
0848-ZGQIJ,Female,0,1,0,2024-11-03,Mid-Market
0851-DFJKB,Female,0,0,0,2024-12-03,Mid-Market
0853-NWIFK,Female,0,0,0,2022-06-03,Enterprise
0853-TWRVK,Male,0,1,0,2020-03-03,Enterprise
0854-UYHZD,Female,0,1,1,2025-02-03,Mid-Market
0856-NAOES,Male,0,0,0,2025-09-03,SMB
0859-YGKFW,Male,0,1,1,2024-09-03,Mid-Market
0862-PRCBS,Female,0,1,1,2020-07-03,Enterprise
0864-FVJNJ,Female,0,1,1,2020-11-03,Enterprise
0866-QLSIR,Female,0,0,0,2023-05-03,Enterprise
0867-LDTTC,Male,0,0,0,2025-10-03,SMB
0867-MKZVY,Female,0,1,0,2024-07-03,Mid-Market
0868-VJRDR,Male,0,1,0,2020-11-03,Enterprise
0869-PAPRP,Female,1,1,0,2024-01-03,Enterprise
0870-VEMYL,Female,0,0,0,2025-10-03,SMB
0871-OPBXW,Female,0,0,0,2026-01-03,SMB
0871-URUWO,Male,0,1,0,2025-02-03,Mid-Market
0872-CASZJ,Male,0,1,0,2021-04-03,Enterprise
0872-JCPIB,Male,0,0,0,2024-10-03,Mid-Market
0872-NXJYS,Female,0,0,0,2025-06-03,SMB
0875-CABNR,Female,1,0,0,2025-05-03,SMB
0876-WDUUZ,Female,0,0,0,2025-10-03,SMB
0877-SDMBN,Female,0,0,0,2021-09-03,Enterprise
0880-FVFWF,Male,0,0,0,2021-07-03,Enterprise
0880-TKATG,Male,0,1,1,2025-11-03,SMB
0883-EIBTI,Female,0,0,0,2026-01-03,SMB
0885-HMGPY,Male,0,0,0,2021-01-03,Enterprise
0886-QGENL,Female,1,1,0,2023-12-03,Enterprise
0887-HJGAR,Male,0,0,0,2026-02-03,SMB
0887-WBJVH,Female,0,1,0,2021-10-03,Enterprise
0895-DQHEW,Male,0,1,0,2021-09-03,Enterprise
0895-LMRSF,Male,0,0,0,2024-04-03,Mid-Market
0895-LNKRC,Male,0,1,1,2025-09-03,SMB
0895-UADGO,Male,0,0,1,2025-07-03,SMB
0897-FEGMU,Female,0,1,0,2025-04-03,SMB
0898-XCGTF,Male,0,1,0,2021-02-03,Enterprise
0899-LIIBW,Male,0,1,0,2023-05-03,Enterprise
0899-WZRSD,Male,0,0,0,2021-07-03,Enterprise
0902-RFHOF,Male,0,0,0,2023-01-03,Enterprise
0902-XKXPN,Male,0,1,1,2020-06-03,Enterprise
0906-QVPMS,Male,0,1,0,2020-03-03,Enterprise
0907-HQNTS,Female,1,1,0,2020-05-03,Enterprise
0909-SDHNU,Female,0,0,1,2025-08-03,SMB
0909-SELIE,Male,0,1,0,2021-02-03,Enterprise
0913-XWSCN,Male,0,1,1,2021-08-03,Enterprise
0916-KNFAJ,Male,0,1,0,2021-02-03,Enterprise
0916-QOFDP,Female,1,1,1,2025-01-03,Mid-Market
0917-EZOLA,Male,1,1,0,2020-03-03,Enterprise
0921-OHLVP,Male,0,0,0,2024-05-03,Mid-Market
0923-PNFUB,Female,0,0,0,2025-12-03,SMB
0924-BJCRC,Female,1,1,0,2021-03-03,Enterprise
0925-VYDLG,Female,0,0,0,2025-12-03,SMB
0927-CNGRH,Male,0,0,1,2026-02-03,SMB
0927-LCSMG,Male,0,0,0,2025-08-03,SMB
0928-JMXNP,Male,1,1,0,2025-11-03,SMB
0928-XUTSN,Female,0,0,0,2025-02-03,Mid-Market
0929-HYQEW,Male,0,0,0,2025-12-03,SMB
0929-PECLO,Female,1,0,0,2020-12-03,Enterprise
0930-EHUZA,Female,0,0,0,2023-03-03,Enterprise
0931-MHTEM,Female,0,0,0,2021-09-03,Enterprise
0932-YIXYU,Female,0,0,0,2022-04-03,Enterprise
0936-NQLJU,Female,0,1,0,2022-10-03,Enterprise
0939-EREMR,Female,0,0,1,2025-02-03,Mid-Market
0939-YAPAF,Female,0,0,0,2023-04-03,Enterprise
0940-OUQEC,Male,0,0,0,2025-05-03,SMB
0942-KOWSM,Female,0,1,1,2023-09-03,Enterprise
0943-ZQPXH,Male,0,1,1,2022-07-03,Enterprise
0945-TSONX,Female,0,1,1,2022-04-03,Enterprise
0946-CLJTI,Male,1,1,0,2021-05-03,Enterprise
0946-FKYTX,Male,0,0,0,2021-11-03,Enterprise
0947-IDHRQ,Female,0,0,0,2025-08-03,SMB
0947-MUGVO,Male,1,1,0,2024-07-03,Mid-Market
0952-KMEEH,Male,0,0,0,2025-02-03,Mid-Market
0953-LGOVU,Male,0,1,1,2025-03-03,Mid-Market
0956-ACVZC,Female,0,0,0,2021-09-03,Enterprise
0956-SYCWG,Female,0,0,0,2025-02-03,Mid-Market
0958-YHXGP,Female,0,0,0,2025-08-03,SMB
0959-WHOKV,Male,0,0,0,2022-09-03,Enterprise
0960-HUWBM,Male,0,1,1,2020-10-03,Enterprise
0961-ZWLVI,Male,0,0,1,2022-02-03,Enterprise
0962-CQPWQ,Female,0,1,1,2021-01-03,Enterprise
0963-ZBDRN,Male,0,0,0,2023-07-03,Enterprise
0967-BMLBD,Female,0,1,1,2025-04-03,SMB
0968-GSIKN,Female,0,0,0,2026-02-03,SMB
0969-RGKCU,Male,0,1,1,2023-02-03,Enterprise
0970-ETWGE,Male,0,0,0,2026-02-03,SMB
0970-QXPXW,Female,0,0,0,2026-02-03,SMB
0971-QIFJK,Female,0,1,0,2020-06-03,Enterprise
0973-KYVNF,Female,0,1,1,2020-03-03,Enterprise
0975-UYDTX,Female,0,1,0,2024-01-03,Enterprise
0975-VOOVL,Female,0,0,0,2025-12-03,SMB
0979-MOZQI,Male,0,1,0,2021-01-03,Enterprise
0979-PHULV,Male,0,1,1,2020-06-03,Enterprise
0980-FEXWF,Male,0,1,1,2024-01-03,Enterprise
0980-PVMRC,Female,0,1,1,2022-11-03,Enterprise
0983-TATYJ,Female,0,1,0,2023-06-03,Enterprise
0988-AADSA,Female,0,1,1,2020-03-03,Enterprise
0988-JRWWP,Female,0,0,0,2025-12-03,SMB
0991-BRRFB,Male,0,0,0,2024-09-03,Mid-Market
0993-OSGPT,Female,1,1,0,2020-07-03,Enterprise
0997-YTLNY,Female,0,0,1,2024-08-03,Mid-Market
0999-QXNSA,Male,1,0,1,2025-08-03,SMB
1000-AJSLD,Male,0,0,0,2026-02-03,SMB
1004-NOZNR,Male,1,0,1,2021-07-03,Enterprise
1009-IRMNA,Female,0,0,0,2025-08-03,SMB
1010-DIAUQ,Male,0,0,0,2025-10-03,SMB
1013-QCWAM,Female,1,1,0,2020-09-03,Enterprise
1015-JPFYW,Male,0,0,1,2025-08-03,SMB
1015-OWJKI,Male,0,0,0,2026-02-03,SMB
1016-DJTSV,Male,1,0,0,2025-07-03,SMB
1017-FBQMM,Female,0,1,1,2021-01-03,Enterprise
1020-JPQOW,Female,0,1,0,2021-07-03,Enterprise
1022-RKXDR,Female,0,0,0,2022-10-03,Enterprise
1023-BQXZE,Male,0,0,0,2021-06-03,Enterprise
1024-GUALD,Female,0,1,0,2026-02-03,SMB
1024-KPRBB,Female,0,0,0,2023-01-03,Enterprise
1024-VRZHF,Male,0,1,0,2025-04-03,SMB
1025-FALIX,Female,0,0,0,2024-01-03,Enterprise
1027-LKKQQ,Female,0,1,1,2020-03-03,Enterprise
1028-FFNJK,Male,1,1,0,2023-09-03,Enterprise
1029-QFBEN,Male,0,0,0,2026-02-03,SMB
1031-IIDEO,Female,0,0,0,2026-02-03,SMB
1032-MAELW,Female,0,1,1,2020-07-03,Enterprise
1035-IPQPU,Female,1,1,0,2020-12-03,Enterprise
1036-GUDCL,Male,0,1,1,2021-03-03,Enterprise
1038-RQOST,Male,0,1,1,2024-08-03,Mid-Market
1038-ZAGBI,Female,0,1,1,2025-03-03,Mid-Market
1041-RXHRA,Female,0,0,0,2022-10-03,Enterprise
1042-HFUCW,Female,0,0,1,2024-02-03,Enterprise
1043-UXOVO,Female,0,0,0,2020-04-03,Enterprise
1043-YCUTE,Male,0,1,0,2021-07-03,Enterprise
1045-LTCYT,Female,0,1,1,2025-07-03,SMB
1047-NNCBF,Male,0,0,0,2024-07-03,Mid-Market
1047-RNXZV,Male,0,0,0,2022-08-03,Enterprise
1049-FYSYG,Female,0,1,0,2024-10-03,Mid-Market
1051-EQPZR,Female,0,1,1,2022-07-03,Enterprise
1051-GEJLJ,Female,0,0,0,2026-01-03,SMB
1052-QJIBV,Female,0,1,1,2020-04-03,Enterprise
1053-MXTTK,Female,0,1,1,2020-03-03,Enterprise
1057-FOGLZ,Female,0,0,0,2024-09-03,Mid-Market
1060-ENTOF,Female,1,1,0,2020-08-03,Enterprise
1061-PNTHC,Female,0,1,1,2021-07-03,Enterprise
1062-LHZOD,Male,0,1,1,2026-02-03,SMB
1063-DHQJF,Male,0,1,1,2020-06-03,Enterprise
1064-FBXNK,Male,0,1,1,2026-02-03,SMB
1066-JKSGK,Male,0,0,0,2026-02-03,SMB
1069-QJOEE,Male,0,1,1,2024-02-03,Enterprise
1069-XAIEM,Female,1,0,0,2026-02-03,SMB
1073-XXCZD,Male,0,1,0,2021-08-03,Enterprise
1074-AMIOH,Female,0,1,1,2021-10-03,Enterprise
1074-WVEVG,Female,0,1,0,2021-04-03,Enterprise
1075-BGWOH,Male,1,1,0,2024-11-03,Mid-Market
1077-HUUJM,Female,0,0,1,2025-08-03,SMB
1078-TDCRN,Female,1,1,0,2025-12-03,SMB
1080-BWSYE,Male,1,1,0,2020-11-03,Enterprise
1084-MNSMJ,Female,0,1,1,2021-12-03,Enterprise
1084-UQCHV,Male,0,0,1,2026-02-03,SMB
1085-LDWAM,Female,0,1,1,2020-06-03,Enterprise
1086-LXKFY,Female,0,1,1,2026-02-03,SMB
1087-GRUYI,Male,0,1,0,2023-01-03,Enterprise
1087-UDSIH,Female,0,0,0,2025-12-03,SMB
1088-AUUZZ,Male,0,1,1,2021-07-03,Enterprise
1088-CNNKB,Male,0,1,0,2020-12-03,Enterprise
1089-HDMKP,Male,1,0,1,2025-04-03,SMB
1089-XZWHH,Female,0,1,1,2024-03-03,Mid-Market
1090-ESELR,Male,0,1,1,2020-03-03,Enterprise
1090-PYKCI,Female,0,1,1,2020-06-03,Enterprise
1091-SOZGA,Female,0,1,1,2021-07-03,Enterprise
1092-GANHU,Male,0,0,0,2024-10-03,Mid-Market
1092-WPIVQ,Female,0,1,1,2024-09-03,Mid-Market
1093-YSWCA,Male,0,0,0,2025-04-03,SMB
1094-BKOSX,Female,0,1,1,2022-06-03,Enterprise
1095-JUDTC,Female,1,0,0,2022-04-03,Enterprise
1095-WGNGG,Female,0,1,0,2021-02-03,Enterprise
1096-ADRUX,Female,0,1,1,2020-09-03,Enterprise
1097-FSPVW,Female,0,0,0,2022-09-03,Enterprise
1098-KFQEC,Female,0,1,1,2021-08-03,Enterprise
1098-TDVUQ,Female,0,0,0,2026-02-03,SMB
1099-BTKWT,Female,0,1,0,2020-07-03,Enterprise
1099-GODLO,Female,0,1,1,2026-02-03,SMB
1100-DDVRV,Male,0,1,0,2024-10-03,Mid-Market
1101-SSWAG,Female,0,1,0,2024-12-03,Mid-Market
1104-FEJAM,Male,0,1,1,2023-11-03,Enterprise
1104-TNLZA,Male,1,1,0,2023-11-03,Enterprise
1106-HRLKZ,Male,0,1,1,2022-11-03,Enterprise
1110-KYLGQ,Female,0,0,0,2020-12-03,Enterprise
1112-CUNAO,Female,1,0,0,2024-12-03,Mid-Market
1113-IUJYX,Female,0,1,0,2025-01-03,Mid-Market
1114-CENIM,Male,0,0,1,2021-09-03,Enterprise
1116-DXXDF,Male,0,0,0,2022-12-03,Enterprise
1116-FRYVH,Female,0,1,1,2022-03-03,Enterprise
1120-BMWUB,Female,0,0,0,2024-11-03,Mid-Market
1121-QSIVB,Female,0,0,1,2022-07-03,Enterprise
1122-JWTJW,Male,0,1,1,2026-02-03,SMB
1122-YJBCS,Male,0,1,0,2020-06-03,Enterprise
1125-SNVCK,Female,1,0,0,2022-02-03,Enterprise
1131-ALZWV,Female,0,0,0,2024-03-03,Mid-Market
1131-QQZEB,Male,1,1,0,2020-04-03,Enterprise
1131-SUEKT,Male,0,1,1,2021-02-03,Enterprise
1133-KXCGE,Female,0,0,0,2024-09-03,Mid-Market
1134-YWTYF,Male,0,1,0,2023-12-03,Enterprise
1135-HIORI,Female,0,1,1,2020-11-03,Enterprise
1135-LMECX,Female,0,0,0,2026-02-03,SMB
1136-XGEQU,Female,0,1,1,2022-01-03,Enterprise
1137-DGOWI,Female,0,1,0,2023-09-03,Enterprise
1139-WUOAH,Male,0,0,0,2021-06-03,Enterprise
1140-UKVZG,Female,0,0,0,2024-10-03,Mid-Market
1142-IHLOO,Female,0,0,0,2021-12-03,Enterprise
1142-WACZW,Male,0,0,0,2026-01-03,SMB
1143-NMNQJ,Female,0,0,0,2026-01-03,SMB
1150-FTQGN,Female,0,1,1,2021-03-03,Enterprise
1150-WFARN,Female,0,1,1,2020-08-03,Enterprise
1153-GNOLC,Male,0,0,0,2023-06-03,Enterprise
1154-HYWWO,Male,0,0,0,2023-01-03,Enterprise
1156-ZFYDO,Female,0,0,0,2026-02-03,SMB
1157-BQCUW,Male,0,0,0,2026-02-03,SMB
1159-WFSGR,Female,0,1,1,2024-11-03,Mid-Market
1162-ECVII,Male,1,1,0,2020-03-03,Enterprise
1163-ONYEY,Male,0,1,1,2022-10-03,Enterprise
1163-VIPRI,Female,0,1,1,2020-10-03,Enterprise
1166-PQLGG,Female,0,1,1,2020-03-03,Enterprise
1167-OYZJF,Female,1,1,0,2020-08-03,Enterprise
1169-SAOCL,Male,0,0,0,2022-02-03,Enterprise
1169-WCVAK,Male,0,1,0,2024-08-03,Mid-Market
1170-SASML,Female,0,1,0,2020-06-03,Enterprise
1171-TYKUR,Male,0,1,0,2022-04-03,Enterprise
1172-VIYBP,Male,0,1,1,2021-10-03,Enterprise
1173-NOEYG,Female,0,1,0,2023-12-03,Enterprise
1173-XZPYF,Female,0,0,0,2025-04-03,SMB
1174-FGIFN,Female,0,1,1,2023-11-03,Enterprise
1177-XZBJL,Male,0,1,1,2021-10-03,Enterprise
1178-PZGAB,Female,0,0,0,2024-08-03,Mid-Market
1179-INLAT,Male,0,0,0,2025-12-03,SMB
1183-CANVH,Female,0,1,0,2024-04-03,Mid-Market
1184-PJVDB,Male,0,1,0,2025-05-03,SMB
1187-WILMM,Male,0,1,1,2020-12-03,Enterprise
1193-RTSLK,Female,0,0,0,2023-01-03,Enterprise
1194-BHJYC,Male,0,1,0,2021-02-03,Enterprise
1194-HVAIF,Female,0,1,0,2023-12-03,Enterprise
1194-SPVSP,Male,0,0,0,2026-02-03,SMB
1195-OIYEJ,Male,0,0,0,2025-02-03,Mid-Market
1196-AMORA,Male,0,0,0,2025-08-03,SMB
1197-BVMVG,Female,1,0,0,2025-11-03,SMB
1200-TUZHR,Female,1,0,0,2025-07-03,SMB
1202-KKGFU,Female,0,1,0,2025-03-03,Mid-Market
1205-WNWPJ,Female,0,0,0,2025-08-03,SMB
1206-EHBDD,Female,0,1,0,2021-07-03,Enterprise
1207-BLKSA,Female,0,1,1,2021-11-03,Enterprise
1208-DNHLN,Male,0,1,1,2024-04-03,Mid-Market
1208-NBVFH,Male,0,1,1,2024-07-03,Mid-Market
1209-VFFOC,Male,0,1,1,2020-07-03,Enterprise
1212-GLHMD,Male,0,0,0,2025-12-03,SMB
1213-NGCUN,Female,0,0,0,2025-09-03,SMB
1215-EXRMO,Male,0,1,0,2022-01-03,Enterprise
1215-FIGMP,Male,0,0,0,2021-03-03,Enterprise
1215-VFYVK,Female,0,0,0,2025-11-03,SMB
1216-BGTSP,Male,0,0,0,2022-06-03,Enterprise
1216-JWVUX,Male,0,1,1,2024-02-03,Enterprise
1217-VASWC,Male,1,1,0,2022-08-03,Enterprise
1218-VKFPE,Female,0,1,1,2025-03-03,Mid-Market
1219-NNDDO,Female,0,0,0,2025-06-03,SMB
1221-GHZEP,Female,0,0,0,2021-01-03,Enterprise
1222-KJNZD,Male,0,1,1,2022-11-03,Enterprise
1222-LRYKO,Male,0,0,1,2025-09-03,SMB
1223-UNPKS,Male,0,1,1,2024-07-03,Mid-Market
1226-IENZN,Male,1,0,0,2024-11-03,Mid-Market
1226-JZNKR,Female,0,1,1,2025-07-03,SMB
1226-UDFZR,Female,0,0,0,2026-01-03,SMB
1227-UDMZR,Female,0,1,0,2020-03-03,Enterprise
1228-FZFRV,Male,0,1,1,2022-01-03,Enterprise
1228-ZLNBX,Male,0,0,0,2024-06-03,Mid-Market
1229-RCALF,Female,0,1,0,2020-11-03,Enterprise
1230-QAJDW,Male,0,0,0,2025-12-03,SMB
1231-YNDEK,Male,0,0,0,2021-05-03,Enterprise
1236-WFCDV,Male,1,0,0,2025-01-03,Mid-Market
1237-WIYYZ,Female,0,0,0,2024-09-03,Mid-Market
1240-HCBOH,Female,0,0,0,2020-08-03,Enterprise
1240-KNSEZ,Male,0,0,0,2026-02-03,SMB
1241-EZFMJ,Male,0,1,0,2021-02-03,Enterprise
1241-FPMOF,Male,0,0,0,2021-11-03,Enterprise
1245-HARPS,Female,0,1,0,2025-01-03,Mid-Market
1247-QBVSH,Female,0,1,1,2022-08-03,Enterprise
1248-DYXUB,Male,0,1,1,2021-11-03,Enterprise
1251-KRREG,Male,0,0,0,2026-01-03,SMB
1251-STYSZ,Female,1,0,0,2025-11-03,SMB
1254-IZEYF,Female,1,0,0,2023-08-03,Enterprise
1257-SXUXQ,Male,0,1,1,2025-10-03,SMB
1258-YMZNM,Female,1,0,0,2023-12-03,Enterprise
1260-TTRXI,Male,0,0,0,2025-11-03,SMB
1261-FWTTE,Male,1,0,0,2024-04-03,Mid-Market
1262-OPMFY,Female,0,1,0,2025-06-03,SMB
1264-BYWMS,Male,0,0,0,2021-08-03,Enterprise
1264-FUHCX,Female,0,1,0,2022-02-03,Enterprise
1265-BCFEO,Female,0,1,0,2020-04-03,Enterprise
1265-HVPZB,Male,0,1,0,2021-04-03,Enterprise
1265-XTECC,Female,1,1,0,2020-07-03,Enterprise
1265-ZFOSD,Female,0,1,0,2020-11-03,Enterprise
1266-NZYUI,Female,0,1,1,2020-03-03,Enterprise
1268-ASBGA,Female,1,1,0,2024-11-03,Mid-Market
1269-FOYWN,Male,0,1,1,2022-07-03,Enterprise
1270-XKUCC,Female,0,1,1,2023-09-03,Enterprise
1271-SJBGZ,Male,1,0,0,2025-03-03,Mid-Market
1271-UODNO,Male,0,0,0,2022-12-03,Enterprise
1272-ILHFG,Male,0,1,1,2024-12-03,Mid-Market
1273-MTETI,Female,1,0,0,2025-11-03,SMB
1282-IHQAC,Male,1,0,0,2020-05-03,Enterprise
1285-OKIPP,Male,0,0,0,2026-02-03,SMB
1291-CUOCY,Male,0,1,0,2020-03-03,Enterprise
1293-BSEUN,Female,0,1,1,2020-03-03,Enterprise
1293-HHSHJ,Female,0,0,0,2023-04-03,Enterprise
1297-VQDRP,Male,1,1,1,2020-07-03,Enterprise
1298-PHBTI,Male,0,1,1,2020-04-03,Enterprise
1299-AURJA,Female,0,1,1,2020-05-03,Enterprise
1301-LOPVR,Male,0,1,1,2023-10-03,Enterprise
1302-TPUBN,Male,0,0,0,2020-09-03,Enterprise
1302-UHBDD,Male,1,0,0,2024-07-03,Mid-Market
1303-SRDOK,Female,0,1,1,2021-08-03,Enterprise
1304-BCCFO,Male,0,1,0,2025-06-03,SMB
1304-NECVQ,Female,1,0,0,2026-01-03,SMB
1304-SEGFY,Female,0,1,0,2020-03-03,Enterprise
1306-RPWXZ,Female,0,0,1,2022-02-03,Enterprise
1307-ATKGB,Male,0,0,0,2024-03-03,Mid-Market
1307-TVUFB,Male,1,0,0,2022-09-03,Enterprise
1309-BXVOQ,Male,0,1,0,2024-06-03,Mid-Market
1309-XGFSN,Male,1,1,1,2021-11-03,Enterprise
1310-QRITU,Female,0,0,0,2024-09-03,Mid-Market
1319-YLZJG,Male,0,1,0,2025-03-03,Mid-Market
1320-GVNHT,Male,0,1,1,2020-03-03,Enterprise
1320-HTRDR,Female,0,0,0,2025-12-03,SMB
1320-REHCS,Male,1,0,0,2021-11-03,Enterprise
1322-AGOQM,Male,0,0,0,2022-05-03,Enterprise
1323-OOEPC,Female,0,1,0,2021-10-03,Enterprise
1324-NLTJE,Female,1,0,0,2024-12-03,Mid-Market
1325-USMEC,Male,0,1,0,2020-05-03,Enterprise
1328-EUZHC,Female,0,1,0,2024-09-03,Mid-Market
1329-VHWNP,Female,0,0,0,2025-08-03,SMB
1333-PBMXB,Female,0,1,1,2021-09-03,Enterprise
1334-FJSVR,Male,0,0,0,2026-02-03,SMB
1334-PDUKM,Female,0,1,0,2020-07-03,Enterprise
1335-HQMKX,Female,0,1,0,2020-03-03,Enterprise
1335-MXCSE,Male,0,1,1,2021-08-03,Enterprise
1335-NTIUC,Male,0,0,0,2025-06-03,SMB
1336-EZFZY,Female,0,0,0,2025-11-03,SMB
1337-BOZWO,Male,0,1,1,2024-09-03,Mid-Market
1338-CECEE,Male,0,1,1,2022-10-03,Enterprise
1342-JPNKI,Male,0,0,0,2025-05-03,SMB
1343-EHPYB,Male,0,1,0,2020-12-03,Enterprise
1345-GKDZZ,Male,0,0,1,2025-09-03,SMB
1345-ZUKID,Male,0,0,0,2025-01-03,Mid-Market
1346-PJWTK,Male,0,1,0,2021-02-03,Enterprise
1346-UFHAX,Female,0,0,0,2025-02-03,Mid-Market
1347-KTTTA,Male,0,1,0,2020-11-03,Enterprise
1349-WXNGG,Male,0,0,0,2026-02-03,SMB
1352-HNSAW,Female,0,1,1,2020-03-03,Enterprise
1352-VHKAJ,Male,0,1,1,2023-12-03,Enterprise
1353-GHZOS,Male,0,1,0,2024-05-03,Mid-Market
1353-LJWEM,Male,0,0,0,2025-04-03,SMB
1354-YZFNB,Male,0,1,1,2025-11-03,SMB
1355-KUSBG,Female,0,1,1,2025-08-03,SMB
1356-MKYSK,Male,0,0,0,2025-09-03,SMB
1357-BIJKI,Male,0,1,0,2022-01-03,Enterprise
1357-MVDOZ,Male,0,1,1,2025-04-03,SMB
1360-JYXKQ,Female,1,1,0,2021-09-03,Enterprise
1360-RCYRT,Male,0,1,1,2024-04-03,Mid-Market
1360-XFJMR,Female,0,1,0,2020-08-03,Enterprise
1363-TXLSL,Male,1,1,0,2026-02-03,SMB
1370-GGAWX,Female,0,0,0,2022-05-03,Enterprise
1371-OJCEK,Female,0,0,0,2022-03-03,Enterprise
1371-WEPDS,Male,1,1,0,2022-11-03,Enterprise
1373-ORVIZ,Female,0,1,1,2025-04-03,SMB
1374-DMZUI,Female,1,0,0,2025-11-03,SMB
1376-HHBDV,Female,0,0,0,2023-09-03,Enterprise
1379-FRVEB,Male,0,0,1,2024-12-03,Mid-Market
1383-EZRWL,Female,0,0,0,2025-08-03,SMB
1384-RCUXW,Male,0,0,0,2024-11-03,Mid-Market
1385-TQOZW,Female,0,0,0,2025-06-03,SMB
1386-ZIKUV,Male,0,0,0,2025-08-03,SMB
1389-CXMLU,Male,1,0,0,2025-12-03,SMB
1389-WNUIB,Female,0,1,1,2024-07-03,Mid-Market
1391-UBDAR,Male,0,0,0,2025-04-03,SMB
1393-IMKZG,Female,0,0,0,2026-02-03,SMB
1394-SUIUH,Female,1,1,0,2022-07-03,Enterprise
1395-OFUWC,Male,0,1,1,2022-08-03,Enterprise
1395-WSWXR,Male,0,0,0,2024-03-03,Mid-Market
1396-QWFBJ,Female,0,1,1,2024-06-03,Mid-Market
1397-XKKWR,Male,0,0,0,2025-08-03,SMB
1399-OUPJN,Female,0,1,1,2021-06-03,Enterprise
1399-UBQIU,Male,0,0,0,2025-04-03,SMB
1400-MMYXY,Male,1,1,0,2025-12-03,SMB
1400-WIVLL,Male,0,1,0,2021-06-03,Enterprise
1401-FTHFQ,Male,0,1,1,2024-04-03,Mid-Market
1402-PTHGN,Female,0,1,1,2024-09-03,Mid-Market
1403-GYAFU,Male,0,1,1,2020-05-03,Enterprise
1403-LKLIK,Female,0,1,1,2023-06-03,Enterprise
1406-PUQVY,Male,0,0,1,2026-02-03,SMB
1407-DIGZV,Female,0,1,1,2025-12-03,SMB
1409-PHXTF,Male,1,1,0,2021-09-03,Enterprise
1410-RSCMR,Male,0,1,1,2025-08-03,SMB
1414-YADCW,Male,0,1,0,2020-05-03,Enterprise
1415-YFWLT,Female,1,0,0,2026-02-03,SMB
1421-HCERK,Male,1,1,0,2023-09-03,Enterprise
1422-DGUBX,Male,0,1,0,2023-07-03,Enterprise
1423-BMPBQ,Female,0,1,1,2026-02-03,SMB
1427-VERSM,Female,0,1,0,2021-07-03,Enterprise
1428-GTBJJ,Male,0,0,0,2025-04-03,SMB
1428-IEDPR,Male,0,0,0,2021-11-03,Enterprise
1429-UYJSV,Female,0,0,0,2025-03-03,Mid-Market
1430-SFQSA,Male,0,0,0,2023-10-03,Enterprise
1431-AIDJQ,Male,0,1,1,2023-06-03,Enterprise
1431-CYWMH,Female,0,1,1,2024-05-03,Mid-Market
1432-FPAXX,Female,0,0,0,2023-10-03,Enterprise
1436-ZMJAN,Female,0,1,0,2025-05-03,SMB
1439-LCGVL,Female,0,1,0,2024-01-03,Enterprise
1442-BQPVU,Female,0,0,0,2025-02-03,Mid-Market
1442-OKRJE,Male,0,1,1,2020-09-03,Enterprise
1444-VVSGW,Male,0,1,0,2020-05-03,Enterprise
1447-GIQMR,Male,0,1,0,2026-02-03,SMB
1447-PJGGA,Female,0,0,0,2021-06-03,Enterprise
1448-CYWKC,Female,0,1,1,2021-05-03,Enterprise
1448-PWKYE,Male,0,1,1,2026-02-03,SMB
1449-XQEMT,Male,0,0,0,2025-12-03,SMB
1450-GALXR,Female,0,0,0,2025-05-03,SMB
